model,auc
LightGBM,0.6481452105037352
XGBoost,0.6264419856281809
LightGBM Optimized,0.6215250079564929
Random Forest,0.6151569733316538
Logistic Regression,0.5998677255252102
Random,0.5
Majority Class,0.5
Stratified,0.4952410160508841
CDS-Only,0.4050581281983078
