Model,AUC,Accuracy,Precision,Recall,F1,Status
LightGBM,0.6481452105037352,0.7069789674952199,0.37280108254397837,0.37662337662337664,0.37470248214892893,✅
XGBoost,0.6264419856281809,0.7055449330783938,0.3487824037706206,0.303485987696514,0.32456140350877194,✅
Random Forest,0.6151569733316538,0.7324729126832378,0.3711217183770883,0.21257689678742311,0.27031725336810086,✅
Logistic Regression,0.5998677255252102,0.6072339069471001,0.29177057356608477,0.47983595352016406,0.3628844662703541,✅
LightGBM Optimized,0.6215250079564929,0.7232313575525813,0.3436073059360731,0.20574162679425836,0.2573749465583583,✅
LightGBM Calibrated (Isotonic),0.6390576246066311,0.7562141491395793,0.41604010025062654,0.11346548188653452,0.1783029001074114,✅
LightGBM Calibrated (Platt),0.6481452105037352,0.6826003824091779,0.35394809497515184,0.4381408065618592,0.3915699450213806,✅
