brier_score,log_loss,expected_calibration_error,auc
0.21458687878786595,0.6191720244189294,0.2165397605288809,0.6677156976456025
