metric,value
Portfolio Size,313.0
Precision,0.3610223642172524
Recall,0.07723855092276145
F1 Score,0.12725225225225226
Distressed Caught,113.0
Total Distressed,1463.0
Avg Probability,0.6438375115394592
