method,split,auc,brier,ece,mce
Uncalibrated,validation,0.6715593756955516,0.21318063933596987,0.21421596985811925,0.22841653570640894
Platt Scaling,validation,0.6715593756955516,0.16728466447782725,0.010309138809252308,0.08081344701951676
Isotonic Regression,validation,0.678393099673403,0.16556965541102103,3.346059354809566e-17,3.3306690738754696e-16
Uncalibrated,test,0.6640839503113638,0.215993118239762,0.21886355119964265,0.22907629751259417
Platt Scaling,test,0.6640839503113638,0.1682918645476636,0.017667027188579553,0.16570441535244518
Isotonic Regression,test,0.6621999105436321,0.16847281683263599,0.014014849304666153,0.6606220317272546
