year,n_selected,n_distressed,n_total_distressed,precision,recall,avg_probability
2021,119,87,1070,0.7310924369747899,0.08130841121495327,0.64648163
2022,105,22,310,0.20952380952380953,0.07096774193548387,0.6402631
2023,89,4,83,0.0449438202247191,0.04819277108433735,0.64451885
