train_auc,test_auc,train_ap,test_ap,train_precision,test_precision,train_recall,test_recall,train_f1,test_f1,train_accuracy,test_accuracy
0.7799810472125481,0.5197726480983449,0.4717585072320973,0.23914617789979636,0.31918294849023093,0.23492560689115113,0.8354253835425384,0.2050580997949419,0.46189435805166434,0.21897810218978103,0.6188612261617586,0.6590184831102613
