model,auc,precision,recall,f1
LSTM,0.5242210122205924,0.10083620265617314,0.5242966751918159,0.16914191419141916
LightGBM,0.6392075973802889,,0.0,
