model,train_auc,train_f1,train_precision,train_recall,train_accuracy,test_auc,test_f1,test_precision,test_recall,test_accuracy,auc_gap,f1_gap
Original (Baseline),0.9049911146968589,0.6297360857068199,0.5035520267446719,0.8403068340306834,0.8065176823995267,0.6481452105037352,0.37470248214892893,0.37280108254397837,0.37662337662337664,0.7069789674952199,0.2568459041931237,0.255033603557891
Light Regularization,0.8497338934656639,0.5602373887240356,0.4409448818897638,0.7680148768014877,0.7639160711847435,0.6363686069526612,0.3713106950174548,0.346563981042654,0.3998632946001367,0.6843530911408541,0.21336528651300268,0.18892669370658083
Medium Regularization,0.7531177956312658,0.4639870077141697,0.35654561337826035,0.6641097164109716,0.6995585089436075,0.6430725113787433,0.39396576733391353,0.34223790322580644,0.46411483253588515,0.667144678138942,0.11004528425252247,0.07002124038025614
Strong Regularization,0.686898264719596,0.32785503581963754,0.4142705005324814,0.2712691771269177,0.7822129170269901,0.6188427361019135,0.21567648527209185,0.4,0.14764183185235816,0.7496813256851498,0.06805552861768249,0.11217855054754569
Very Strong Regularization,0.6731905412140113,0.006947660954145437,0.9375,0.003486750348675035,0.8048336443493697,0.6070671976770592,0.0013651877133105802,0.5,0.000683526999316473,0.7668897386870618,0.06612334353695215,0.0055824732408348565
